# Mutation	single cell infectivity	replication	frequency in subtype B isolates
E10D	91.5	107.9	8.7
E13V	78.4	93.9	0
S17N	91.8	141.2	21.7
P30H	9.5	3.9	0
P30S	11.3	2.3	0.9
K42I	71.8	71.2	0
K42R	77.6	87.7	0.1
A49V	77.4	79.9	0
M50I	89.3	75.2	9.7
M50L	100.2	86.2	0.4
M50V	80.6	71.1	0.1
Q53L	63.9	39.7	0
V54A	87.0	89.9	0.1
D55E	45.4	30.3	0
D55N	79.9	65.7	0.2
C56Y	108.6	91.1	0.3
G59E	95.2	65.0	0.9
C65S	80.7	60.6	0
L68S	94.2	103.6	0.1
V72D	35.9	15.6	0
L74M	73.6	64.5	0.4
V75I	99.7	73.4	0
V75L	90.1	68.8	0
V77I	82.5	56.8	0.1
Y83H	77.9	52.5	0
P90L	38.2	16.9	0
P90Q	73.8	66.4	0
A91T	73.3	44.6	9.9
A91V	81.6	46.5	0.1
T93I	19.5	15.5	0
Q95L	42.0	35.3	0
L102F	18.2	13.3	0
T112I	92.9	61.8	3.8
T112R	66.6	44.1	0.2
V113L	105.0	86.9	0.4
T115I	18.1	7.9	0
S119N	5.5	2.2	0
S123N	54.6	40.4	0
S123T	13.5	3.3	0
T124I	74.8	58.1	0.1
T124S	110.1	94.2	1.4
T125A	119.8	92.0	25.7
V126F	86.9	82.9	0
K127T	58.8	39.1	0.1
A129S	36.1	28.6	0
A129T	43.6	35.0	0.1
A129V	20.3	9.6	0
W131C	24.6	15.2	0
Q137H	97.9	87.4	0.3
E138D	103.7	90.4	0.7
P145S	19.6	3.3	0
Q148R	33.0	13.8	0.2
I151T	32.4	12.0	0
K156T	36.0	15.7	0
K159M	44.7	29.5	0
K160E	26.5	11.8	0.2
I162T	6.0	3.1	0
G163R	117.1	105.1	0.1
Q164H	65.1	107.2	0.1
D167E	92.6	132.9	3.1
E170K	64.9	88.8	0.3
L172F	91.0	143.4	0.1
T174I	44.3	57.9	0
V176I	9.5	6.6	0.2
V180I	51.6	63.6	0
F181Y	68.3	95.1	0.3
H183Q	11.8	9.6	0
G189E	24.6	8.6	0
G197W	13.2	8.4	0
E198Q	89.8	91.5	0
I200M	85.5	98.5	0.6
I203L	86.5	98.0	0
I203M	101.5	101.5	3.5
I204V	82.6	87.0	0.7
A205S	84.3	79.0	1.4
T210I	45.3	44.6	0.8
K211R	63.0	55.7	17.4
Q214E	79.1	79.1	0.1
Q214H	79.0	54.8	0
Q214L	13.5	5.2	0
K215R	86.4	86.3	0.1
K215T	54.7	25.9	0
Q216H	83.6	102.1	3.1
N222I	14.8	5.8	0
N222Y	85.2	93.8	0
K236I	65.1	23.0	0
K244N	39.7	21.4	0
I251V	74.1	92.0	0.2
Q252H	77.4	89.6	0
S255I	87.1	70.1	0
D256V	98.5	53.3	0
I257L	77.0	65.3	0
I257M	66.3	34.4	0
I257V	79.0	48.7	0.1
K258R	88.4	62.6	0.1
P261S	102.0	85.8	0
M275L	65.0	47.7	0
G277S	67.3	49.8	0.1
A282T	99.2	87.2	0
D286N	101.1	122.4	3.3
D288G	107.8	86.4	0.2
G4E	0	0	0.3
N18I	0	0	0
K34E	0	0	0
V37E	0	0	0
C40F	0	0	0
G52R	0	0	0.2
D64E	0	0	0
C65F	0	0	0
C65Y	0	0	0
A76S	0	0	0
A76T	0	0	0
V77F	0	0	0
H78L	0	0	0
S81N	0	0	0
I84V	0	0	1.2
A86T	0	0	0
A86V	0	0	0
E87G	0	0	0
L102S	0	0	0
K103E	0	0	0
W108R	0	0	0
P109Q	0	0	0
P109S	0	0	0
V113A	0	0	0
G118D	0	0	0
W132C	0	0	0
I135F	0	0	0.1
I135T	0	0	0.1
N144I	0	0	0
E152D	0	0	0.1
N155Y	0	0	0.1
V165L	0	0	0
R166I	0	0	0
M178V	0	0	0.1
A179V	0	0	0
I182M	0	0	0
I182N	0	0	0
K188E	0	0	0.1
K188N	0	0	0
G192E	0	0	0
A196G	0	0	0
G197E	0	0	0
G197R	0	0	0
E198K	0	0	0.2
D202E	0	0	0
I204K	0	0	0
E212D	0	0	0
L213F	0	0	0
R228W	0	0	0
K244I	0	0	0
V249E	0	0	0
I251K	0	0	0
K258E	0	0	0
K266N	0	0	0
R269G	0	0	0
